site,lat,lon,AMT,maxTWW,minTCW,MAP,PWW,PDW,AMMI,MMIDQ,MMIWQ,elev,tot_plfa,bac,fun,euk,proto,actino,gpos,gneg,f_b,gpos_gneg,ph,ec,sand,silt,clay,moisture,whc,litC,litN,litCN,soilC,soilN,soilCN,lit_alk,lit_nalk,lit_oalk,lit_dioalk,lit_aryl,lit_oaryl,lit_carbonyl,lit_ketone,lit_a_oa,soil_alk,soil_nalk,soil_oalk,soil_dioalk,soil_aryl,soil_oaryl,soil_carbonyl,soil_ketone,soil_a_oa,k_doc,k_tdn,k_no3,k_nh4,k_don,k_faa,w_doc,w_tdn,w_no3,w_nh4,w_don,w_faa,t12_gluc,mrt_gluc,cue_gluc,mbn,mbc,mbc_n
SAT01,-33.488561,138.080681,17.4185,32.1804,5.69169,357.866,11.8935,3.03889,0.281613,0.053718,0.59937,48.4694,93.90987878,24.80342064,6.593932795,0.31602909,0.111913417,0.711614031,8.262938976,8.489008641,0.266,0.973,9,0.18,71.14,10.24,18.62,3.1,0.377,431.111385,9.637953685,44.73059314,19.1,1.400590285,13.6371073,20.22749715,6.554955551,35.04706385,9.203623085,13.93061703,6.23457737,7.057407509,1.744258456,0.577152404,24.72752046,8.666626985,22.33292124,5.691533263,17.29824273,6.631055411,12.13641728,2.515682638,1.107222839,295.9,17.16718533,0.672229465,1.900251746,14.59470412,0.532923571,64.38034062,6.426716433,0.092421143,2.892766221,3.441529069,0.102106539,2.048227927,2.954968273,0.656589715,31.389,656.7,20.9
SAT02,-34.004685,138.959912,14.0776,29.2214,3.41675,506.13,16.3413,4.25636,0.477929,0.094813,0.926457,548.636,75.65546159,18.15268673,3.349246208,0.331245251,0.014907096,0.601416464,7.578766335,4.186626137,0.185,1.81,5.5,0.04,76.69,12.24,11.08,1.65,0.233,473.0013173,6.947112382,68.08603219,32.57274701,1.65690035,19.65884491,14.07660307,5.78686616,43.69000406,11.15689918,12.40341568,5.668067204,5.764117577,1.454027063,0.322192762,22.25353129,7.245286469,22.09878564,6.621702469,20.65534051,8.946891911,9.67158317,2.506878535,1.00700245,108.9,19.17869721,2.10174904,4.527263134,12.54968503,1.977332918,104.9523381,9.408636538,0.58012355,0,8.828512988,0.309049778,1.681268608,2.425557884,0.60616875,20.966,429.4,20.5
SAT03,-33.552625,138.3938,16.3266,31.9359,4.31473,428.352,14.5024,3.44678,0.358669,0.064552,0.755807,201.225,73.47490565,15.18375898,3.54729589,0.419053472,0.037355006,0.368823776,5.763195346,4.515391703,0.234,1.276,7.4,0.04,63.54,8.99,27.47,3.04,0.371,461.1236537,11.80242393,39.07025001,11.3,1.051052666,10.75112634,13.98684367,5.805048296,42.12939901,11.23418496,13.47974427,6.139238757,5.884857074,1.340683962,0.331997227,18.78632182,7.998791988,26.30705212,6.456152155,17.72964024,7.087671144,13.44601997,2.188350572,0.71411733,104,14.27302748,0.523105965,4.588851778,9.161069741,0.776551503,51.44052961,7.378519476,0.102833591,4.586651928,2.689033957,0.088441774,2.009509021,2.8991087,0.652593446,17.082,380.7,22.3
SAT04,-33.913739,138.604342,14.1118,29.3503,3.19901,661.545,22.395,5.24965,0.566524,0.104892,0.997903,533.11,114.3069063,40.05530793,7.170338043,1.573672548,0,1.655699393,14.85703965,10.44442841,0.179,1.422,5.8,0.09,69.58,10.99,19.43,3.07,0.33,492.2141709,6.014843915,81.83324087,28.95794315,1.184018098,24.45734842,24.4151024,6.122767365,34.00516622,9.229742767,13.68574476,5.938014596,5.260243656,1.343218245,0.717982151,18.0724577,6.185583587,23.41924126,6.506226936,23.74349938,9.246656935,9.897472061,2.928862136,0.771692708,139.1,9.540307469,0.496298679,0.76129059,8.2827182,2.188209252,101.6049944,3.416762581,0.213057857,0.015007502,3.188697222,0.495919444,1.997534892,2.881833683,0.598852685,19.676,364.5,18.5
SAT05,-34.608537,138.861871,15.7268,30.3513,5.05856,546.299,19.0463,3.31945,0.498015,0.080992,0.955354,200.461,75.67298134,18.68140127,2.967162458,1.155394223,0,0.51864297,6.898889262,4.536066254,0.159,1.521,5.8,0.04,88.5,5.56,5.94,2.26,0.265,449.014458,7.294252657,61.55729436,20.26590301,0.861141216,23.5337743,10.17199092,6.015488488,44.7004675,11.61579344,13.80150807,6.552113737,5.573200329,1.56943751,0.227558938,25.00653433,6.715241094,21.71527689,6.252248519,20.12642509,8.860513614,8.994302911,2.329457551,1.151564148,51,9.830240413,1.823835576,2.603443326,5.402961511,0.685315848,52.11745126,4.860337998,0.509873968,0,4.35046403,0.181755988,3.022476036,4.360511189,0.596108572,23.382,245.8,10.5
SAT06,-34.682697,138.909036,14.6939,29.0861,4.60059,678.44,24.8473,3.82171,0.584181,0.100939,0.999757,352.363,83.54774714,23.50621301,4.546881113,0.985519695,0.035075797,0.353734642,8.466198561,6.261990972,0.193,1.352,4.8,0.14,82.78,5.91,11.31,3.79,0.397,471.5047299,5.742223213,82.11187765,44.83616261,2.100596479,21.34449099,18.06870126,5.833206545,39.64998553,10.50765844,12.96257147,6.088242117,5.479124232,1.410510398,0.455705116,19.03747343,6.680433301,21.05010846,6.655694673,21.0770864,10.0694997,11.9730735,3.456630537,0.904388377,102.5,20.72107798,5.903036204,3.059319857,11.75872192,2.255671665,124.656866,8.793193189,1.36558982,2.600489345,4.827114025,0.50370909,2.001244789,2.887185933,0.599549825,45.281,638,14.1
SAT07,-34.576469,139.006672,13.4136,27.5443,4.13009,699.088,25.3408,4.77532,0.603397,0.115477,1,571.958,95.86811473,30.02193878,4.975121425,1.596051213,0.027788798,1.096195187,10.65063359,7.829189498,0.166,1.36,4.9,0.35,83.14,7.45,9.41,5.48,0.392,474.1601911,5.617014566,84.41498334,31.83664281,1.526776748,20.8521926,13.87975993,6.092840249,43.09987599,11.20083258,13.11360892,6.157063641,5.097995116,1.35802358,0.32203712,20.57549959,7.125002134,26.61120904,7.361143889,18.33283026,8.330700146,9.203353214,2.460261723,0.773189206,58.9,9.700814409,1.329799478,3.320782435,5.050232496,0.832620027,46.69275261,4.231320041,0.27723744,2.138339559,1.815743042,0.134015438,2.130944749,3.074303422,0.586395487,54.559,567.1,10.4
SAT08,-34.887267,138.787586,14.382,27.973,4.95815,829.052,31.3317,4.32462,0.626779,0.124424,1,397.156,119.5201118,46.66424846,7.545596984,1.910340275,0.180050225,2.23555564,18.91980736,12.42829628,0.162,1.522,6.5,0.024,47.98,35.29,16.73,7.81,0.513,448.0074722,5.662516754,79.11808329,34.9750754,1.908930741,18.32181475,20.34177665,5.983374441,39.08003723,9.723031502,12.44502297,5.291428177,5.683138198,1.452190821,0.520515795,17.1890386,6.620403215,27.95380499,7.386211373,20.85156718,7.231884556,10.55458528,2.212504806,0.614908726,179.3,17.90212384,3.010447139,0.363299677,14.52837702,3.092316889,145.1630465,7.320417932,0.933373653,0,6.387044278,1.605636004,2.28481359,3.296289235,0.566555971,51.489,616,12
SAT09,-34.926711,139.038697,13.7816,27.4843,4.35324,688.071,25.2616,4.61569,0.600641,0.118354,0.999917,460.094,96.31483956,30.09643264,6.081617104,1.394745162,0.156548067,1.043899741,12.21463379,7.237246928,0.202,1.688,5.3,0.06,83.25,5.91,10.84,3.04,0.431,453.9987825,5.891209209,77.06376848,28.68844039,1.539899469,18.63007356,11.55418159,5.53587163,45.3906323,12.17638668,11.87261289,6.310100651,5.726534071,1.433680188,0.254549915,19.35153383,7.08554661,23.60688696,6.811587128,20.80519782,8.392054586,11.20763331,2.739559751,0.81974103,140.8,13.00610318,1.602191031,2.106043834,9.297868315,1.89613942,124.1014491,7.015292376,0.434366762,1.218129847,5.362795767,0.487891298,2.283820208,3.294856089,0.57952491,21.01,321.9,15.3
SAT10,-34.503808,138.703772,16.4889,31.0987,5.72227,445.248,14.3649,3.59655,0.387054,0.07284,0.793072,85.1841,90.6452682,27.5445082,5.051440381,0.961287521,0.048778086,0.766327934,10.53798413,7.902669176,0.183,1.333,7.9,0.1,83.27,5.8,10.93,2.84,0.368,415.9513557,8.23736589,50.49567559,20.67173947,1.257834841,16.43438295,19.19757192,6.78124353,37.85315056,9.434308571,13.17819214,5.9465944,6.042809293,1.566129587,0.507159157,24.99455564,8.447096559,23.75405075,5.906158229,17.94285795,6.865562304,9.420597434,2.669121132,1.052222878,192,17.48624008,1.378811976,5.096236533,11.01119158,0.523912367,95.84440553,10.72817718,0.364968625,4.577768817,5.785439742,0.269856276,1.476208556,2.129718763,0.597286927,30.563,482.4,15.8
SAT11,-34.88038,138.708815,15.3602,28.7877,5.80688,729.134,26.6281,3.9376,0.592029,0.110338,0.999963,277.198,,,,,,,,,,,5.6,0.04,84.91,5.8,9.28,1.41,0.329,463.7882042,7.539082029,61.51786152,26.60420654,1.242068998,21.41926622,13.47604361,5.938935404,41.79965581,11.02251914,13.53680242,6.523939773,6.089398249,1.612705593,0.322396042,21.53018456,6.367209828,21.76087257,6.600752902,21.50521556,8.79647944,10.59638129,2.842903846,0.989398954,99.8,19.53617506,4.00569248,6.756535937,8.773946644,1.575028385,95.93558137,12.18213031,0.935987795,5.506652568,5.739489949,0.870033095,3.177203758,4.583736106,0.513601196,10.831,191.7,17.7
SAT12,-34.93296,138.72748,13.5762,26.395,5.01576,979.896,37.3834,5.63645,0.670172,0.158522,1,507.479,103.5188834,34.39524672,5.805510842,1.880048319,0.069342782,0.881226208,13.56275958,9.081254105,0.169,1.493,5.1,0.027,83.02,6.02,10.96,3.88,0.425,470.9898799,8.292096015,56.79985845,35.899182,1.72596508,20.79948338,18.11471869,6.074368702,36.95990423,9.958980589,14.50171991,6.810559364,5.97615516,1.603593362,0.490118118,18.74496385,6.662585177,25.71117939,7.572261964,20.75437967,8.386409929,9.776736571,2.391483449,0.729058888,90.2,11.04672616,1.601258535,1.393035759,8.052431866,1.794668675,68.64897087,4.914120605,0.44322219,0.765960871,3.704937544,0.453051603,1.712291042,2.470313795,0.591692214,34.186,457.7,13.4
SAT13,-35.082681,138.679569,14.9491,27.5766,6.04116,807.801,30.46,4.51276,0.618756,0.124972,1,294.07,70.4974955,13.89514813,1.659459254,0.24656546,0.002437042,0.555788024,5.401782838,2.510583463,0.119,2.152,4.8,0.37,50.7,31.02,18.28,7.99,0.434,463.2037067,7.839759832,59.08391541,53.65480373,2.223113447,24.13498231,15.02231339,5.594430847,38.41129128,11.06657372,14.17178231,7.656675183,6.371638798,1.705294482,0.39109108,19.18722888,6.400813085,25.0963726,7.647218587,19.56600407,9.042431377,10.22537786,2.834553544,0.76454192,290.8,22.02243284,3.734765582,0.906045146,17.38162212,2.716284243,279.5823738,12.94337458,1.177091053,1.012443989,10.75383953,1.225877964,2.055360451,2.965258329,0.566119791,47.404,783.4,16.5
SAT14,-35.607836,138.261822,13.9224,23.6799,6.77598,838.247,32.0565,5.0234,0.63201,0.135537,1,305.77,100.1711192,28.72058356,4.511189825,0.892479316,0.011988829,0.32062819,8.239627764,7.333854433,0.157,1.124,5.5,0.082,57.64,20.99,21.37,19.96,0.696,402.314812,7.996115186,50.31378397,74.23961817,3.241650357,22.90179692,18.63396976,6.123261142,35.82121349,9.5694021,14.76470131,6.710403118,6.645410009,1.731639066,0.520193705,19.41109276,6.706286232,26.90287163,8.070698132,18.28630756,8.478582205,9.698919241,2.445242235,0.721524937,151.9,18.51623275,4.924822099,0,13.59141066,2.044215246,112.1618418,6.492389555,0.678398122,0,5.813991433,0.367099419,2.679695853,3.865983918,0.59875632,96.618,1211.5,12.5
SAT15,-35.271672,138.690728,14.0384,26.1989,5.30981,841.06,31.8442,5.12228,0.633019,0.134587,1,333.965,92.22495928,28.81376079,4.373879732,0.86239727,0.071894307,0.81108961,7.582163151,9.939494468,0.152,0.763,5.2,0.035,68.45,18.99,12.56,5.84,0.393,473.4189143,6.156162921,76.90162206,40.45938096,1.379191386,29.33558125,20.44585688,6.144818278,37.93686364,9.815208459,12.7824364,5.865509613,5.630124224,1.379182512,0.538944312,19.31823596,6.53547612,24.72461,7.402083392,21.49349222,9.025801431,8.938929836,2.561371038,0.781336327,167.5,11.68822321,1.518039045,0,10.17018416,2.080352416,184.3376249,6.711630106,0.467878336,0,6.24375177,0.807598875,2.839567271,4.096629619,0.563532073,31.959,529.8,16.6
SAT16,-35.460519,138.604583,14.9896,25.6076,6.44207,653.04,24.4534,4.08614,0.564755,0.102599,0.997403,124.412,74.24626677,18.32340855,1.98653604,0.743822886,0.008807967,0.513709957,7.306257935,3.66278003,0.108,1.995,6.7,0,78.13,10.84,11.03,4.32,0.334,461.9596655,11.16624247,41.37109388,38.67929557,2.085864462,18.54353256,17.89622575,5.995483361,35.29893534,9.821212585,14.82152187,7.262499944,7.124001357,1.780119785,0.506990525,23.13674118,7.548660897,24.73409963,7.085096257,17.37318028,7.217353956,10.43356207,2.471305721,0.935418775,83.7,14.21959887,4.46020302,3.074734387,6.684661462,1.160004912,100.4081785,9.002746642,0.708402588,3.727193546,4.567150508,0.386360639,1.736801467,2.505674863,0.563369826,22.208,417.1,18.8
SAT17,-31.327281,138.567861,17.3657,33.1542,3.42386,306.969,7.91321,3.37194,0.173593,0.063755,0.362912,408.793,,,,,,,,,,,6.3,0.07,71.02,13.45,15.53,10.94,0.103,418.3260651,8.474692346,49.36179958,21.52979477,1.249542241,17.23014562,17.67039012,6.022258857,40.19715421,10.24534521,12.19934725,5.743950877,6.426115696,1.495437782,0.439593063,22.86023812,7.687764801,21.48858296,5.689795231,21.23127452,7.641502265,10.97266373,2.428178371,1.063831811,124.3,9.798001715,1.918882569,1.710553698,6.168565448,0.480175853,60.69484646,7.186101252,0.467669968,1.484240908,5.234190376,0.128224995,4.304764821,6.210462859,0.67743765,66.878,653.7,9.8
SAT18,-31.315017,138.566906,15.7853,31.6148,2.38745,379.546,10.67,3.85748,0.237612,0.075781,0.514968,683.713,90.06197854,19.39496054,3.403689156,0.582961922,0,0.645630764,7.470019405,5.157957461,0.175,1.448,6.2,0.044,66.67,8.9,24.44,19.87,0.169,462.9408165,9.525468515,48.60031985,30.01854187,1.940615247,15.46856953,17.71195239,6.250819145,38.79776552,9.773010353,13.61095853,6.137019478,6.26736457,1.451110011,0.456519909,21.67455064,7.571719527,22.84493911,6.079460402,20.3930614,8.044306791,10.89085236,2.501109756,0.948768151,64.3,9.284481551,3.794983242,7.384775352,0,0.422122518,36.04398994,4.665659642,0.150110697,2.390186978,2.125361967,0.06551552,2.947642127,4.252548678,0.630763674,73.154,818.3,11.2
SAT19,-30.775201,138.798088,14.9966,30.8577,1.52201,376.291,10.0317,3.85333,0.228926,0.082107,0.488448,928.103,99.42069428,26.69467831,9.524240325,0.750392528,0.014439098,0.615345291,10.17247617,7.203302169,0.357,1.412,6.8,0.037,72.15,10.53,17.32,15.17,0.124,473.2448697,8.329226874,56.81738255,17.63777803,1.023201166,17.23784004,18.50349996,5.099342712,37.03648531,10.58587212,13.62088617,7.036106007,6.553689236,1.564118493,0.499601941,25.50781079,7.967901655,20.00582697,5.123687386,21.26549349,7.020334384,10.77780234,2.331142985,1.275019065,26.8,4.439397472,0.872160089,0.38810481,3.179132572,0.744964057,20.91584588,1.752169227,0.179391695,0.260110961,1.312666571,0.091986956,4.653138762,6.713060216,0.552401754,30.978,372.2,12
SAT20,-31.543464,138.595213,15.429,31.4062,2.16814,399.111,11.5129,4.06069,0.261272,0.07894,0.564759,696.035,73.46696106,9.92208994,2.739879162,0.122118291,0,0.364437182,4.19612239,2.046199561,0.276,2.051,5.8,0.028,73.96,8.9,17.14,16.98,0.111,473.6611349,7.80853775,60.65938977,26.67313951,1.428553313,18.67143443,17.45396212,5.942041454,41.12290133,10.44404912,11.76476308,5.731455381,6.159905902,1.380921616,0.424434112,17.57382422,6.163097393,18.05718907,5.919794178,28.64595514,10.33819002,10.2581531,3.043796891,0.973231446,31.1,12.22036785,2.816935346,7.324154295,2.079278212,0.618733938,31.53191452,10.00907155,0.391212167,0.433305422,9.184553966,0.144450738,3.789245619,5.466725863,0.560023684,35.282,404.6,11.5
SAT21,-32.320447,137.954891,15.2685,30.7789,2.74257,482.134,15.2137,3.64426,0.365317,0.07988,0.776922,662.21,95.90387473,28.86708364,4.559136051,0.683027715,0.126071333,0.74453455,10.25779922,10.5890548,0.158,0.969,6.2,0.038,76.61,7.34,16.05,4.98,0.121,455.7648299,7.59516916,60.00719935,21.95246658,1.463335196,15.0016665,14.37246911,5.833100859,45.38870216,10.74229757,11.6697996,5.110274755,5.736735331,1.146620618,0.316653009,19.44180435,6.917973984,24.58161004,6.52487592,21.8090238,7.832126673,10.72864804,2.163937195,0.790908501,42.2,9.170550636,2.427678001,2.778199851,3.964672783,0.860966946,39.47878786,5.782099471,0.734659611,2.898843257,2.148596603,0.17580319,2.051744785,2.960042026,0.6112743,33.952,456.5,13.4
SAT22,-32.310057,137.968828,14.4391,30.0477,2.17229,531.372,17.0549,3.89128,0.414873,0.087849,0.861213,804.726,116.8598419,39.39832406,7.198600771,0.826433151,0.063610614,1.094924691,12.93492373,14.5429924,0.183,0.889,6.8,0.04,66.86,17.66,15.49,8.5,0.453,456.983097,4.425511949,103.2610695,48.56281766,2.241956746,21.66090748,11.13608916,5.874031236,47.50840485,11.98949068,11.00868189,5.891016962,5.293998099,1.29828713,0.234402506,16.60668559,7.81447977,24.13182985,6.972243707,23.56914522,9.123185033,9.489281571,2.293149265,0.688165203,133.4,11.97469722,2.464610607,2.980192125,6.529894488,0.697058702,67.50102038,8.103506119,0.457376532,3.418222395,4.227907192,0.190061845,1.099875329,1.586784682,0.635871049,69.175,870.3,12.6
SAT23,-32.747986,138.136818,14.9128,30.2724,2.92916,560.775,18.3946,4.08658,0.450751,0.087168,0.906671,627.736,88.39552784,25.46359983,5.676721208,0.987561265,0.128946376,0.76773185,9.293653093,6.905772632,0.223,1.346,5.3,0.036,67.53,17.67,14.8,9.02,0.524,475.3761117,5.939115059,80.04157304,38.59671806,1.646874643,23.43634243,16.38225808,5.633877323,40.25327134,10.96670954,12.88906248,6.694965846,5.73486204,1.444993356,0.406979546,22.52415615,6.846792611,22.13829019,6.749924541,22.0032969,8.154318919,9.110063913,2.473156773,1.017429799,77.5,11.68468734,1.534483708,6.934867309,3.215336326,0.33015588,38.98000958,8.915061991,0.247584346,6.428777573,2.238700072,0.171463721,1.415234131,2.041751262,0.589171671,47.77,782.3,16.4
SAT24,-32.828069,138.033263,17.3298,31.9167,5.09539,413.972,12.3409,3.9795,0.300848,0.064622,0.627777,209.711,105.6397038,35.83581877,4.380266976,1.013782438,0.00920904,1.019864004,14.07186684,12.55229633,0.122,1.121,5.8,0.05,50.14,16.11,33.75,5.7,0.398,473.4820795,7.246597571,65.33853645,39.3,2.677029073,14.68045319,20.78898247,6.314183429,39.04757737,9.207240579,11.58606536,5.356131615,6.36741803,1.33240114,0.532401339,22.19095587,7.824736189,23.00324967,5.883679427,19.85083241,7.7861453,11.15490676,2.305494375,0.964687867,91.8,10.63130484,2.156812959,1.099123066,7.375368819,1.558239933,62.09065208,5.700790167,0.554237399,0.520828345,4.625724423,0.312796363,1.552941916,2.240421601,0.647247521,37.8,588.3,15.6
SAT25,-30.343035,139.340215,17.9586,33.6479,2.72838,249.159,9.65601,2.0227,0.105904,0.062062,0.178981,421.379,106.6726895,33.82856317,5.220525256,0.243590499,0.014903667,1.025827206,10.33459852,14.6997925,0.154,0.703,9.1,0.12,51.86,33.24,14.9,7.73,0.481,376.8491505,7.147971776,52.72113017,45.6,1.686014411,27.04603218,15.48566174,6.225396943,41.56223949,10.20565693,12.4888317,5.867234336,6.75629109,1.40868778,0.372589686,24.4713695,9.419333384,23.51657617,5.632938377,17.06419256,6.392860041,11.557481,1.945248971,1.040600865,174.8,10.24477269,0.434181439,1.877285801,7.933305452,0.299462549,22.5548445,4.238230833,0.07467774,2.603190328,1.560362765,0.059224088,3.48609323,5.029369414,0.687350161,57.206,1006.9,17.6
SAT26,-30.331361,139.374192,18.5808,34.2466,3.07003,236.018,9.65629,1.84687,0.095136,0.060017,0.154106,306.002,63.69693165,10.53983168,1.497919076,0.106814207,0.003568038,0.178305424,4.99046425,2.477362701,0.142,2.014,8,0.05,72.71,8.48,18.81,6.6,0.262,413.935528,12.17327981,34.00361567,8.528473318,0.73674959,11.57581007,12.00375695,6.244978242,46.81614479,10.82968609,11.24319209,5.007461393,6.67530341,1.179477027,0.256402081,20.79872065,9.104493918,24.23764589,5.637691379,19.12530501,7.015249652,11.28289139,2.798002115,0.858116367,20.1,5.673872784,1.729028267,4.105255214,0,0.335223521,15.54986432,4.797409459,0.258410618,3.785007262,0.753991578,0.046024883,1.59474021,2.300723792,0.615286058,20.465,262.6,12.8
SAT27,-30.218594,139.32465,16.702,32.4894,2.03362,283.287,9.72041,2.48924,0.13522,0.066973,0.252139,683.451,66.9584786,12.51925695,1.068221168,0.214511147,0,0.268248554,6.421185283,2.509737254,0.085,2.559,7.8,0.05,75.98,8.24,15.78,6.64,0.245,430.2119851,2.832029483,151.9094302,10.44233717,0.840998187,12.4165989,7.862172361,5.112819653,49.34967504,13.19787089,11.22623451,6.51140881,5.401510264,1.338308483,0.159315585,13.94485941,6.721689163,18.8636744,5.438074721,25.79561911,9.363854865,15.66759506,4.204633271,0.739244069,33.6,11.39886527,3.987084651,5.39195736,2.019823256,0.694519254,17.80970263,7.070526875,0.198695871,5.909391728,0.962439276,0.093544566,1.86974093,2.697465968,0.594395835,26.592,325.8,12.3
SAT28,-30.219075,139.233389,17.2676,33.0661,2.34598,261.871,9.14275,2.16177,0.119863,0.063722,0.218507,578.833,77.52730565,15.43233677,2.189384595,0.29000023,0,0.450826411,6.74249215,3.906700162,0.142,1.726,9.3,0.14,51.32,15.82,32.86,13.45,0.493,407.8715673,3.808662504,107.0904988,15.0680844,1.284980891,11.7263101,5.073569548,4.059992944,60.44047824,13.5318543,7.848545798,3.739805865,4.27354415,1.032209153,0.08394324,19.05016341,7.847189193,26.06709876,6.098348152,18.99775339,7.630202347,11.90058855,2.408656196,0.730812569,20.7,8.803777033,3.089777064,6.875271224,0,0.369738293,16.42991718,8.448389752,0.07864692,7.724830341,0.644912491,0.032562078,1.542451507,2.225287139,0.611891782,41.031,515.7,12.6
SAT29,-30.255236,139.227753,17.5668,33.3423,2.51754,253.127,9.03771,2.04996,0.112856,0.062471,0.200945,515.68,91.97900245,24.10101306,4.812603763,0.194505517,0.00850873,0.467574521,7.808539501,10.26667927,0.2,0.761,8.6,0.07,70.9,12.41,16.7,9.28,0.374,445.1060927,9.976770946,44.61424394,27.6,1.829846276,15.08323423,13.88370646,6.176267759,40.59461965,10.35940423,13.7855595,6.663829227,6.885755999,1.650857174,0.342008537,19.928176,6.898687889,18.26091817,5.513163514,22.14839387,10.48409702,13.26244116,3.504122364,1.091301971,419.2,29.7125367,1.713773475,11.99840475,16.00035848,0.477330174,106.2172098,20.31967799,1.628061147,15.26604377,3.425573072,0.355866222,2.008712832,2.897960041,0.609088163,79.633,986.2,12.4
SAT30,-30.41165,139.220464,16.4927,32.2698,2.01161,288.631,8.75698,2.64008,0.143282,0.068674,0.273489,692.763,100.130975,30.57937152,3.326219991,0.229640217,0,0.592535863,12.28622975,10.47144952,0.109,1.173,6.7,0.04,66.28,11.34,22.39,12.55,0.413,458.3675104,4.326174912,105.9521447,28.16399066,1.5996034,17.60685847,11.2640988,5.354450938,49.27219817,11.82938513,11.05765817,5.354150332,4.73449056,1.133567898,0.228609626,29.14910768,7.858233958,22.53022093,5.432363774,17.71153704,6.231419833,9.422539538,1.66457724,1.293778156,32.4,12.12844725,2.66394156,5.351284451,4.113221243,0.720315825,56.51488456,7.223912002,0.787564246,6.011080259,0.425267497,0.091384122,1.8588709,2.681783828,0.63072214,50.66,689.7,13.6
SAT31,-30.405561,139.226578,16.3647,32.1458,1.93774,293.912,8.83392,2.70413,0.147453,0.069697,0.283123,717.453,95.32944239,28.93886277,3.207585247,0.572060284,0,0.85315629,14.27499499,6.224801518,0.111,2.293,7.5,0.04,60.84,9.91,29.24,11.33,0.4,469.5347169,5.654923021,83.0311421,28.31985464,1.760571373,16.08560441,16.09132804,5.911269261,42.89616814,10.09548161,12.77531954,5.55302343,5.342367776,1.335042207,0.375122738,25.68098651,8.081332734,22.78083616,5.792455409,17.99828841,7.174871321,10.10303032,2.388199145,1.12730658,30.7,5.758587464,0.989896533,1.940024613,2.828666317,0.408334079,20.98124073,3.461742433,0.128084659,1.922657639,1.411000135,0.039837167,1.534840714,2.214307087,0.651409908,61.996,846,13.6
SAT32,-30.598986,139.074136,18.1255,33.8893,3.16895,234.256,7.37355,2.18173,0.105152,0.057182,0.187677,372.368,92.68365575,24.22513701,9.400063605,0.168588806,0.105180474,0.636525253,6.615901272,9.610694296,0.388,0.688,9.2,0.1,48.79,26.53,24.68,8.52,0.286,442.6114716,13.37960612,33.08105394,9.7,1.103947658,8.786648472,16.90551182,4.981457902,33.30039318,9.102144974,18.07015336,7.752922916,7.744999034,2.142416824,0.507667034,22.25588694,9.030365946,28.18158981,6.137468444,15.0989859,5.827212936,11.6333727,1.835117331,0.78973142,46.3,6.610235096,0.66475733,1.23731405,4.708163716,0.579749797,10.85575627,3.223682095,1.182809196,2.598141387,0,0.051651342,2.577493459,3.718537032,0.657617443,76.333,910.3,11.9
SAT33,-30.760411,138.580086,18.2298,34.0984,3.7244,250.343,6.10236,2.61514,0.125932,0.057535,0.251368,388.875,76.59406211,15.62102835,3.627617505,0.208945512,0,0.167120875,4.198224649,7.494555026,0.232,0.56,8.8,0.07,77.56,6.69,15.75,8.21,0.27,335.2825548,10.77380599,31.12015893,4.553943145,0.453934639,10.03215608,9.394735598,6.670286777,48.17155844,11.24590921,11.20053074,5.428219325,6.593646791,1.29511312,0.195026607,27.88744561,8.878738604,27.41959996,5.695944724,12.47750069,6.375403408,7.975800884,3.289566123,1.017062454,22,3.54905059,1.886154087,1.559739899,0.103156604,0.414674559,4.669465893,2.296145378,1.916783531,1.892864221,0,0.156302835,3.541054195,5.108661327,0.576630009,32.819,379.5,11.6
SAT34,-30.784567,138.633456,17.4352,33.2924,3.18858,277.635,6.72972,2.84192,0.147115,0.062349,0.301123,514.063,73.2292396,12.55273088,3.378741029,0.425373424,0,0.327875687,5.161521608,3.330315331,0.269,1.55,8.3,0.02,69.68,8.26,22.06,12.11,0.293,430.8139253,10.26817572,41.95622835,9.110276147,0.721131168,12.63331355,15.6165336,5.58035008,40.04547581,10.30153475,13.43683606,6.507818955,7.129199793,1.382250958,0.389969985,26.98089106,8.461515843,23.44366374,5.846509165,16.18174919,7.141282827,9.690418738,2.253969431,1.150882019,18,2.146454363,0.466512062,0.715491678,0.964450624,0.185123641,9.354552467,1.153255311,0,0.140993965,1.012261346,0.010072996,3.16956476,4.572715361,0.660936192,33.458,355,10.6
SAT35,-30.561214,139.436836,19.7152,35.4166,4.04548,186.684,8.0684,1.28801,0.07061,0.04855,0.107917,74.2567,81.16091876,16.78138087,6.645964078,0.169193721,0.027676829,0.20425924,4.512334309,5.938515235,0.396,0.76,9.6,0.13,56.93,13.37,29.7,8.79,0.269,401.468746,8.035678023,49.96078052,5.2,0.580905078,8.951548529,6.079383032,5.089388553,52.20779576,12.06392875,11.63492876,5.168590477,6.333452567,1.422532103,0.116445886,19.6562479,9.790710375,28.40549374,5.659203827,14.3223973,5.61220177,13.17081714,3.382927954,0.691987546,15.7,5.098077787,0.324895081,4.407990372,0.365192335,0.222981518,15.54836456,4.818821922,0.036765997,3.632868422,1.149187503,0.038548108,2.556022167,3.687560504,0.591875295,37.606,482.4,12.8
SAT36,-30.655875,139.547878,19.9881,35.702,4.29189,173.752,7.43249,1.26607,0.065284,0.045274,0.098765,15.9473,54.64332834,6.130024403,1.53886482,0.003127799,0,0.146104349,1.902282848,2.414153663,0.251,0.788,7.7,0.05,91.12,1.28,7.59,2.88,0.255,361.8054237,7.254436727,49.87367556,2.3,0.205650877,11.1840029,12.25774097,5.529292369,46.88841022,11.11475165,10.43917896,5.394899356,7.038776786,1.33694968,0.261423685,25.99700736,10.85105063,19.37134296,7.532662822,11.06354164,7.996413064,15.0832403,2.104741221,1.342034334,67.2,7.340207535,0.779026397,4.065193612,2.495987526,0.246089089,7.758431335,3.237299549,0.238886554,2.955008068,0.043404927,0.057124285,4.768428894,6.879388718,0.335060214,7.867,34.4,4.4
SAT37,-29.754833,138.849697,20.2865,36.5276,4.13142,168.244,7.54313,1.34001,0.064739,0.039945,0.109157,119.702,63.03051583,9.461128903,1.417444063,0.004538895,0,0.196156589,2.666993968,2.997895323,0.15,0.89,8.1,4.92,74.28,8.04,17.68,8.58,0.272,419.2799334,4.483365601,93.51901467,2.694895099,0.295453749,9.121207997,3.767100558,4.57214011,55.26281692,13.22599604,10.98552531,5.377966164,5.468698096,1.339756811,0.068167002,31.70792206,11.18618439,31.80132076,4.112540188,5.272467935,4.807343379,8.026936092,3.085285193,0.997063056,8.5,10.06276308,1.863380926,9.959569716,0,0.364072985,8.594551947,12.48524784,0.097329341,10.26666498,2.121253516,0.084005056,2.577610991,3.718706594,0.525238658,21.252,226.2,10.6
SAT38,-29.791011,138.832383,20.2699,36.5071,4.12657,168.433,7.47377,1.3661,0.06484,0.040251,0.108937,116.891,99.65063653,30.795338,7.200918262,0.358849686,0.140260775,0.866132187,9.878272769,12.45196133,0.234,0.793,8.3,0.18,59.8,17.66,22.54,5.88,0.296,325.9378839,9.861707103,33.05085828,7.6,0.915821837,8.298557307,16.50129172,5.36417924,34.1655719,9.473627613,16.97443624,7.401493338,8.062411656,2.056988293,0.482980111,20.9088052,8.666887175,29.02840647,6.10883965,15.74780333,5.959061314,11.64040736,1.939789513,0.720287737,51.9,8.674127598,1.165867348,6.841690177,0.666570072,0.326813336,16.37903739,7.095927922,0.035783978,5.855307488,1.204836456,0.031072111,1.691157643,2.439824745,0.625227803,33.162,432.7,13
SAT39,-29.456156,138.849322,20.6203,36.9628,4.33283,163.054,7.94841,1.20039,0.062402,0.037086,0.108491,110.655,48.55684779,1.969483717,0.501617617,0.033592568,0,0.007124055,0.497918669,0.536378562,0.255,0.928,10.2,0.03,98.69,1.31,0,2.56,0.185,375.9601752,7.854997823,47.86254353,1.443812844,0.05923752,24.37328323,14.32303241,5.477402036,42.0904417,10.29181768,11.98727185,6.023415001,8.327215921,1.479403412,0.340291806,46.56426286,10.51549407,28.91241119,1.526215251,11.14651518,1.335101444,0,0,1.610528522,12,3.509553263,0.749630875,2.405133675,0.354788712,0.398375886,8.576665639,2.665064653,0.823980427,1.725654977,0.115429249,0.09773712,10.24325791,14.7778974,0.144932759,2.333,37.6,16.1
SAT40,-29.530081,138.817224,20.633,36.9764,4.33405,161.545,7.811,1.21151,0.061531,0.037017,0.105528,96.512,68.65863224,14.85477727,3.097006751,0.09768054,0.006416861,0.285573888,5.058480522,4.611457836,0.208,1.097,8,0.05,87.2,0,12.8,3.79,0.294,420.1638163,7.14490634,58.80606355,6.994302111,0.523819405,13.35250668,15.19415421,5.830832087,41.13000912,10.63367653,12.11734308,6.148234752,7.493885926,1.451864305,0.36941772,25.67114676,10.22301522,26.96974405,5.664646959,15.59204267,6.08513941,8.150632504,1.643632423,0.951849848,23.1,9.1086567,3.07010957,6.289887421,0,0.316042593,14.8062009,7.461860278,0.28341055,6.109148212,1.069301516,0.090596474,1.165408545,1.681329129,0.603454481,12.323,220.2,17.9
SAT41,-29.535555,138.817632,20.6295,36.9697,4.332,161.538,7.80099,1.21218,0.061519,0.037037,0.105423,96.1969,98.7943772,26.21496316,4.228747652,0.458711653,0,0.161342969,8.952863534,8.997587073,0.161,0.995,9,0.26,38.26,3.17,58.57,17.12,0.595,436.2912654,8.948514268,48.75572104,9.481753723,0.92479587,10.25280717,17.20370058,5.926716062,39.6564142,10.24950648,12.45393714,6.115253,7.033798509,1.36067402,0.433818865,23.42994832,9.386650075,27.45890767,6.56887761,14.3194204,6.029087403,10.9065047,1.900603824,0.853273138,12.2,14.59383221,6.575656949,9.920051896,0,0.557531565,19.38347056,12.17668996,0.487710998,9.12088089,2.568098072,0.037173144,1.512995122,2.182790559,0.617992867,16.191,319.7,19.7
SAT42,-29.387414,138.881903,20.6099,36.9489,4.33629,164.634,8.06972,1.19909,0.063297,0.037263,0.111448,123.429,92.6729465,25.03448444,9.273732961,0.217818336,0.01102745,0.608013802,7.116818128,9.219668621,0.37,0.772,6.7,2.1,66.37,11.34,22.29,9.54,0.37,422.2737241,8.283939362,50.97498976,4.652084982,0.495012242,9.397919063,5.624078847,6.063559126,53.63909325,12.58566256,10.33563364,5.011971688,5.645778381,1.094222505,0.104850371,21.59268525,8.69199462,29.39827901,6.30118317,14.72481577,5.598044567,11.238601,2.454396612,0.734488072,10.1,5.074659188,1.629737793,4.438343878,0,0.195552186,12.31314586,6.598284627,0.165032548,3.852770631,2.580481448,0.051959958,1.382315494,1.994259707,0.629465492,30.777,365.3,11.9